GravitationalConstant(m^3/s^2), EquatorialRadius(m)
3.986004414498200e14, 6.378136460000000e6